insert into USER_DATA (id, email, first_name, gender, identity_number, image, last_name, password, phone) values (1, 'vsorrell0@samsung.com', 'Daniel', 'MALE', 97070206932, null, 'Kaleta', 'Vassili', 888318906);
insert into USER_DATA (id, email, first_name, gender, identity_number, image, last_name, password, phone) values (2, 'fferrarese1@pinterest.com', 'Harald', 'MALE', 97070206993, null, 'Ferrarese', 'Fulton', 771680405);
insert into USER_DATA (id, email, first_name, gender, identity_number, image, last_name, password, phone) values (3, 'kparlatt2@webs.com', 'Freddy', 'FEMALE', 97070205832, null, 'Parlatt', 'Kelila', 637354581);
insert into USER_DATA (id, email, first_name, gender, identity_number, image, last_name, password, phone) values (4, 'lrelf3@blog.com', 'Therese', 'MALE', 97070205839, null, 'Relf', 'Leticia', 926026599);
insert into USER_DATA (id, email, first_name, gender, identity_number, image, last_name, password, phone) values (5, 'balty4@slideshare.net', 'Reinold', 'FEMALE', 97070206646, null, 'Alty', 'Beryle', 603280484);
insert into USER_DATA (id, email, first_name, gender, identity_number, image, last_name, password, phone) values (6, 'isteed5@imgur.com', 'Yoko', 'MALE', 97070206951, null, 'Steed', 'Iolanthe', 444472069);
insert into USER_DATA (id, email, first_name, gender, identity_number, image, last_name, password, phone) values (7, 'pwehner6@newyorker.com', 'Joete', 'MALE', 97070207539, null, 'Wehner', 'Porty', 234800841);
insert into USER_DATA (id, email, first_name, gender, identity_number, image, last_name, password, phone) values (8, 'bshillabear7@dyndns.org', 'Gregoor', 'FEMALE', 97070206081, null, 'Shillabear', 'Betty', 808016848);
insert into USER_DATA (id, email, first_name, gender, identity_number, image, last_name, password, phone) values (9, 'tlapere8@elegantthemes.com', 'Thornton', 'FEMALE', 87070206822, null, 'Lapere', 'Tallie', 290109630);
insert into USER_DATA (id, email, first_name, gender, identity_number, image, last_name, password, phone) values (10, 'jgudahy9@mlb.com', 'Keith', 'MALE', 97070207653, null, 'Gudahy', 'Jorgan', 364005088);
insert into USER_DATA (id, email, first_name, gender, identity_number, image, last_name, password, phone) values (11, 'cgeorgesona@jalbum.net', 'Rochella', 'MALE', 97070207551, null, 'Georgeson', 'Chiarra', 533115104);
insert into USER_DATA (id, email, first_name, gender, identity_number, image, last_name, password, phone) values (12, 'vormeb@toplist.cz', 'Stanford', 'FEMALE', 97070207122, null, 'Orme', 'Vin', 884615429);
insert into USER_DATA (id, email, first_name, gender, identity_number, image, last_name, password, phone) values (13, 'nnoddlesc@smh.com.au', 'Roch', 'FEMALE', 97070207596, null, 'Noddles', 'Nicholle', 315410878);
insert into USER_DATA (id, email, first_name, gender, identity_number, image, last_name, password, phone) values (14, 'lofogertyd@bravesites.com', 'Biddie', 'FEMALE', 97070205808, null, 'O''Fogerty', 'Laraine', 394724931);
insert into USER_DATA (id, email, first_name, gender, identity_number, image, last_name, password, phone) values (15, 'bbricklebanke@ucoz.ru', 'Jay', 'FEMALE', 97070205830, null, 'Bricklebank', 'Base', 563841743);
insert into USER_DATA (id, email, first_name, gender, identity_number, image, last_name, password, phone) values (16, 'tkortingf@phoca.cz', 'Juana', 'MALE', 97070207046, null, 'Korting', 'Tonnie', 425878728);
insert into USER_DATA (id, email, first_name, gender, identity_number, image, last_name, password, phone) values (17, 'qlonghirstg@surveymonkey.com', 'Aleda', 'MALE', 97070206815, null, 'Longhirst', 'Querida', 259124428);
insert into USER_DATA (id, email, first_name, gender, identity_number, image, last_name, password, phone) values (18, 'njiggenh@businesswire.com', 'Doralynne', 'FEMALE', 97070207452, null, 'Jiggen', 'Nara', 233053431);
insert into USER_DATA (id, email, first_name, gender, identity_number, image, last_name, password, phone) values (19, 'epetrollii@drupal.org', 'Homer', 'FEMALE', 97070205899, null, 'Petrolli', 'Eberto', 878078760);
insert into USER_DATA (id, email, first_name, gender, identity_number, image, last_name, password, phone) values (20, 'dkelfj@github.com', 'Sherie', 'FEMALE', 97070205765, null, 'Kelf', 'Dorris', 365047759);
insert into USER_DATA (id, email, first_name, gender, identity_number, image, last_name, password, phone) values (21, 'bmcgiffiek@trellian.com', 'Elisabet', 'FEMALE', 97070206658, null, 'McGiffie', 'Berry', 661190650);
insert into USER_DATA (id, email, first_name, gender, identity_number, image, last_name, password, phone) values (22, 'ndacrel@hao123.com', 'Glynn', 'MALE', 97070206355, null, 'Dacre', 'Nev', 435066657);
insert into USER_DATA (id, email, first_name, gender, identity_number, image, last_name, password, phone) values (23, 'chuntingdonm@businessweek.com', 'Redford', 'FEMALE', 97070207190, null, 'Huntingdon', 'Cam', 811607626);
insert into USER_DATA (id, email, first_name, gender, identity_number, image, last_name, password, phone) values (24, 'clanchburyn@feedburner.com', 'Barnie', 'MALE', 97070206519, null, 'Lanchbury', 'Cassey', 343041019);
insert into USER_DATA (id, email, first_name, gender, identity_number, image, last_name, password, phone) values (25, 'htalewortho@behance.net', 'Ronda', 'FEMALE', 97070206563, null, 'Taleworth', 'Hortensia', 888533784);
insert into USER_DATA (id, email, first_name, gender, identity_number, image, last_name, password, phone) values (26, 'wbrakewellp@myspace.com', 'Debra', 'FEMALE', 97070206026, null, 'Brakewell', 'Weider', 309849188);
insert into USER_DATA (id, email, first_name, gender, identity_number, image, last_name, password, phone) values (27, 'msoutherellq@pen.io', 'Hayden', 'MALE', 97070206087, null, 'Southerell', 'Mab', 891326315);
insert into USER_DATA (id, email, first_name, gender, identity_number, image, last_name, password, phone) values (28, 'zritmeyerr@sourceforge.net', 'Demott', 'MALE', 97070205763, null, 'Ritmeyer', 'Zulema', 586935816);
insert into USER_DATA (id, email, first_name, gender, identity_number, image, last_name, password, phone) values (29, 'cpottens@blogger.com', 'Johnna', 'MALE', 97070206923, null, 'Potten', 'Carce', 852309797);
insert into USER_DATA (id, email, first_name, gender, identity_number, image, last_name, password, phone) values (30, 'kbradyt@cargocollective.com', 'Noble', 'FEMALE', 97070206471, null, 'Brady', 'Karel', 791579455);
insert into USER_DATA (id, email, first_name, gender, identity_number, image, last_name, password, phone) values (31, 'rpietu@dyndns.org', 'Koenraad', 'FEMALE', 97070207047, null, 'Piet', 'Rayner', 362957181);
insert into USER_DATA (id, email, first_name, gender, identity_number, image, last_name, password, phone) values (32, 'tnyev@senate.gov', 'Oriana', 'MALE', 97070207659, null, 'Nye', 'Tessa', 600982423);
insert into USER_DATA (id, email, first_name, gender, identity_number, image, last_name, password, phone) values (33, 'sbrimmingw@cam.ac.uk', 'Alikee', 'MALE', 97070207574, null, 'Brimming', 'Sigfrid', 476489977);
insert into USER_DATA (id, email, first_name, gender, identity_number, image, last_name, password, phone) values (34, 'jstallenx@nbcnews.com', 'Johannes', 'MALE', 97070206729, null, 'Stallen', 'Josee', 510473137);
insert into USER_DATA (id, email, first_name, gender, identity_number, image, last_name, password, phone) values (35, 'mberzinsy@cbc.ca', 'Symon', 'MALE', 97070206181, null, 'Berzins', 'Maggi', 616204438);
insert into USER_DATA (id, email, first_name, gender, identity_number, image, last_name, password, phone) values (36, 'fpaffordz@marriott.com', 'Cherye', 'FEMALE', 97070207151, null, 'Pafford', 'Freida', 589620652);
insert into USER_DATA (id, email, first_name, gender, identity_number, image, last_name, password, phone) values (37, 'dlethcoe10@examiner.com', 'Haily', 'MALE', 97070207094, null, 'Lethcoe', 'Dmitri', 660849169);
insert into USER_DATA (id, email, first_name, gender, identity_number, image, last_name, password, phone) values (38, 'ccatterson11@princeton.edu', 'Hildegarde', 'FEMALE', 97070206289, null, 'Catterson', 'Cherish', 308661355);
insert into USER_DATA (id, email, first_name, gender, identity_number, image, last_name, password, phone) values (39, 'npage12@ow.ly', 'Candra', 'FEMALE', 97070206362, null, 'Page', 'Nicola', 681745896);
insert into USER_DATA (id, email, first_name, gender, identity_number, image, last_name, password, phone) values (40, 'jhenkmann13@cornell.edu', 'Sindee', 'MALE', 97070206803, null, 'Henkmann', 'Jaymie', 324251380);
insert into USER_DATA (id, email, first_name, gender, identity_number, image, last_name, password, phone) values (41, 'aheggs14@abc.net.au', 'Karrah', 'MALE', 97070205928, null, 'Heggs', 'Alisha', 345211827);
insert into USER_DATA (id, email, first_name, gender, identity_number, image, last_name, password, phone) values (42, 'alineker15@constantcontact.com', 'Webster', 'FEMALE', 97070206613, null, 'Lineker', 'Aleen', 799316470);
insert into USER_DATA (id, email, first_name, gender, identity_number, image, last_name, password, phone) values (43, 'bthorndale16@seattletimes.com', 'Sheela', 'FEMALE', 97070206264, null, 'Thorndale', 'Bernita', 361986659);
insert into USER_DATA (id, email, first_name, gender, identity_number, image, last_name, password, phone) values (44, 'hdespenser17@si.edu', 'Rheta', 'MALE', 97070206141, null, 'Despenser', 'Honoria', 450640304);
insert into USER_DATA (id, email, first_name, gender, identity_number, image, last_name, password, phone) values (45, 'ilabeuil18@shutterfly.com', 'Eve', 'FEMALE', 97070206332, null, 'Labeuil', 'Isidro', 791097998);
insert into USER_DATA (id, email, first_name, gender, identity_number, image, last_name, password, phone) values (46, 'wdybbe19@who.int', 'Farrel', 'FEMALE', 97070207213, null, 'Dybbe', 'Whitney', 587564504);
insert into USER_DATA (id, email, first_name, gender, identity_number, image, last_name, password, phone) values (47, 'babella1a@eventbrite.com', 'Vinny', 'MALE', 97070206048, null, 'Abella', 'Bourke', 649275029);
insert into USER_DATA (id, email, first_name, gender, identity_number, image, last_name, password, phone) values (48, 'bthrelkeld1b@theatlantic.com', 'Carter', 'MALE', 97070205935, null, 'Threlkeld', 'Bucky', 873568655);
insert into USER_DATA (id, email, first_name, gender, identity_number, image, last_name, password, phone) values (49, 'cleborgne1c@state.tx.us', 'Gerty', 'MALE', 97070206116, null, 'Leborgne', 'Corinne', 735183243);
insert into USER_DATA (id, email, first_name, gender, identity_number, image, last_name, password, phone) values (50, 'vavey1d@wikimedia.org', 'Monique', 'MALE', 97070205797, null, 'Avey', 'Vanni', 631225171);
insert into USER_DATA (id, email, first_name, gender, identity_number, image, last_name, password, phone) values (51, 'gpaull1e@abc.net.au', 'Corrie', 'MALE', 97070206314, null, 'Paull', 'Giorgio', 353246130);
insert into USER_DATA (id, email, first_name, gender, identity_number, image, last_name, password, phone) values (52, 'rdobsons1f@chron.com', 'Odessa', 'MALE', 97070206404, null, 'Dobsons', 'Rianon', 351119535);
insert into USER_DATA (id, email, first_name, gender, identity_number, image, last_name, password, phone) values (53, 'rlewin1g@myspace.com', 'Herminia', 'MALE', 97070206877, null, 'Lewin', 'Renaud', 444151334);
insert into USER_DATA (id, email, first_name, gender, identity_number, image, last_name, password, phone) values (54, 'pbeaconsall1h@is.gd', 'Ermina', 'MALE', 97070206529, null, 'Beaconsall', 'Pryce', 811799127);
insert into USER_DATA (id, email, first_name, gender, identity_number, image, last_name, password, phone) values (55, 'gderuggero1i@dailymotion.com', 'Denney', 'MALE', 97070205787, null, 'De Ruggero', 'Griffith', 860114921);
insert into USER_DATA (id, email, first_name, gender, identity_number, image, last_name, password, phone) values (56, 'lmorten1j@cafepress.com', 'Lulita', 'MALE', 97070206056, null, 'Morten', 'Laryssa', 795808959);
insert into USER_DATA (id, email, first_name, gender, identity_number, image, last_name, password, phone) values (57, 'gpitblado1k@tinyurl.com', 'Gabi', 'FEMALE', 97070206054, null, 'Pitblado', 'Georgeta', 586334739);
insert into USER_DATA (id, email, first_name, gender, identity_number, image, last_name, password, phone) values (58, 'hrapo1l@cpanel.net', 'Clovis', 'MALE', 97070207342, null, 'Rapo', 'Heddie', 842267423);
insert into USER_DATA (id, email, first_name, gender, identity_number, image, last_name, password, phone) values (59, 'gfrounks1m@sbwire.com', 'Sylvan', 'FEMALE', 97070206618, null, 'Frounks', 'Gal', 927023121);
insert into USER_DATA (id, email, first_name, gender, identity_number, image, last_name, password, phone) values (60, 'rcassley1n@webs.com', 'D''arcy', 'MALE', 97070207564, null, 'Cassley', 'Robinette', 833401713);
insert into USER_DATA (id, email, first_name, gender, identity_number, image, last_name, password, phone) values (61, 'pfeore1o@fc2.com', 'Arlinda', 'MALE', 97070206562, null, 'Feore', 'Pedro', 517529097);
insert into USER_DATA (id, email, first_name, gender, identity_number, image, last_name, password, phone) values (62, 'asmeed1p@umn.edu', 'Kellen', 'FEMALE', 97070206696, null, 'Smeed', 'Ardisj', 578925548);
insert into USER_DATA (id, email, first_name, gender, identity_number, image, last_name, password, phone) values (63, 'nduplantier1q@apple.com', 'Cammy', 'MALE', 97070207631, null, 'Du Plantier', 'Nerita', 623560863);
insert into USER_DATA (id, email, first_name, gender, identity_number, image, last_name, password, phone) values (64, 'rcutress1r@indiatimes.com', 'Menard', 'FEMALE', 97070206029, null, 'Cutress', 'Ripley', 354235553);
insert into USER_DATA (id, email, first_name, gender, identity_number, image, last_name, password, phone) values (65, 'jklazenga1s@sbwire.com', 'Aloisia', 'FEMALE', 97070206482, null, 'Klazenga', 'Jenica', 847376031);
insert into USER_DATA (id, email, first_name, gender, identity_number, image, last_name, password, phone) values (66, 'ahastewell1t@theguardian.com', 'Ania', 'FEMALE', 97070206674, null, 'Hastewell', 'Antoine', 392945094);
insert into USER_DATA (id, email, first_name, gender, identity_number, image, last_name, password, phone) values (67, 'btownsley1u@independent.co.uk', 'Sharon', 'FEMALE', 97070206006, null, 'Townsley', 'Barthel', 480426143);
insert into USER_DATA (id, email, first_name, gender, identity_number, image, last_name, password, phone) values (68, 'kfroom1v@scribd.com', 'Loralee', 'FEMALE', 97070206191, null, 'Froom', 'Katheryn', 300353236);
insert into USER_DATA (id, email, first_name, gender, identity_number, image, last_name, password, phone) values (69, 'eturbitt1w@ed.gov', 'Tonia', 'FEMALE', 97070205794, null, 'Turbitt', 'Eveleen', 301383984);
insert into USER_DATA (id, email, first_name, gender, identity_number, image, last_name, password, phone) values (70, 'anissle1x@sogou.com', 'Shanna', 'MALE', 97070205881, null, 'Nissle', 'Abey', 308385879);
insert into USER_DATA (id, email, first_name, gender, identity_number, image, last_name, password, phone) values (71, 'acathersides1y@arizona.edu', 'Andriana', 'MALE', 97070207662, null, 'Cathersides', 'Adrianna', 799145970);
insert into USER_DATA (id, email, first_name, gender, identity_number, image, last_name, password, phone) values (72, 'jsydry1z@hubpages.com', 'Leonie', 'FEMALE', 97070205778, null, 'Sydry', 'Joete', 499991458);
insert into USER_DATA (id, email, first_name, gender, identity_number, image, last_name, password, phone) values (73, 'lbielfeld20@slashdot.org', 'Carey', 'MALE', 97070206376, null, 'Bielfeld', 'Lu', 863848534);
insert into USER_DATA (id, email, first_name, gender, identity_number, image, last_name, password, phone) values (74, 'tprandin21@domainmarket.com', 'Reece', 'FEMALE', 97070206388, null, 'Prandin', 'Trent', 290695341);
insert into USER_DATA (id, email, first_name, gender, identity_number, image, last_name, password, phone) values (75, 'ndryden22@economist.com', 'Barty', 'FEMALE', 87070206048, null, 'Dryden', 'Nelli', 519645670);
insert into USER_DATA (id, email, first_name, gender, identity_number, image, last_name, password, phone) values (76, 'myaakov23@sun.com', 'Aurore', 'MALE', 97070207526, null, 'Yaakov', 'Manya', 816416832);
insert into USER_DATA (id, email, first_name, gender, identity_number, image, last_name, password, phone) values (77, 'ddightham24@booking.com', 'Glenn', 'MALE', 97070207314, null, 'Dightham', 'Dosi', 403516838);
insert into USER_DATA (id, email, first_name, gender, identity_number, image, last_name, password, phone) values (78, 'ebridgstock25@msu.edu', 'Brandy', 'FEMALE', 97070207532, null, 'Bridgstock', 'Elnora', 244080285);
insert into USER_DATA (id, email, first_name, gender, identity_number, image, last_name, password, phone) values (79, 'aporcas26@irs.gov', 'Jeanette', 'MALE', 87070206376, null, 'Porcas', 'Any', 377994132);
insert into USER_DATA (id, email, first_name, gender, identity_number, image, last_name, password, phone) values (80, 'whalton27@squarespace.com', 'Cyril', 'MALE', 97070205972, null, 'Halton', 'Win', 632702628);
insert into USER_DATA (id, email, first_name, gender, identity_number, image, last_name, password, phone) values (81, 'kesilmon28@deviantart.com', 'Nikolaus', 'FEMALE', 97070207483, null, 'Esilmon', 'Kissee', 347401882);
insert into USER_DATA (id, email, first_name, gender, identity_number, image, last_name, password, phone) values (82, 'vmarchant29@addtoany.com', 'Maje', 'FEMALE', 97070206113, null, 'Marchant', 'Vanya', 593206965);
insert into USER_DATA (id, email, first_name, gender, identity_number, image, last_name, password, phone) values (83, 'xlusher2a@simplemachines.org', 'Kacy', 'MALE', 97070206375, null, 'Lusher', 'Xena', 317641838);
insert into USER_DATA (id, email, first_name, gender, identity_number, image, last_name, password, phone) values (84, 'cbispo2b@seesaa.net', 'Doy', 'FEMALE', 97070205919, null, 'Bispo', 'Cedric', 727969269);
insert into USER_DATA (id, email, first_name, gender, identity_number, image, last_name, password, phone) values (85, 'kellingham2c@prnewswire.com', 'Rees', 'FEMALE', 97070206748, null, 'Ellingham', 'Kalinda', 731096149);
insert into USER_DATA (id, email, first_name, gender, identity_number, image, last_name, password, phone) values (86, 'abartrap2d@who.int', 'Angy', 'FEMALE', 97070206597, null, 'Bartrap', 'Aube', 361064730);
insert into USER_DATA (id, email, first_name, gender, identity_number, image, last_name, password, phone) values (87, 'asandercock2e@who.int', 'Lanny', 'FEMALE', 97070207597, null, 'Sandercock', 'Aldric', 311309178);
insert into USER_DATA (id, email, first_name, gender, identity_number, image, last_name, password, phone) values (88, 'dfrail2f@nature.com', 'Klement', 'FEMALE', 97070206303, null, 'Frail', 'Danielle', 585468384);
insert into USER_DATA (id, email, first_name, gender, identity_number, image, last_name, password, phone) values (89, 'iwanka2g@aboutads.info', 'Germain', 'FEMALE', 97070207138, null, 'Wanka', 'Isador', 787074524);
insert into USER_DATA (id, email, first_name, gender, identity_number, image, last_name, password, phone) values (90, 'hzimmer2h@zdnet.com', 'Esmaria', 'FEMALE', 97070207164, null, 'Zimmer', 'Hymie', 655449389);
insert into USER_DATA (id, email, first_name, gender, identity_number, image, last_name, password, phone) values (91, 'lbernlin2i@imgur.com', 'Joana', 'MALE', 97070207700, null, 'Bernlin', 'Lorant', 778736954);
insert into USER_DATA (id, email, first_name, gender, identity_number, image, last_name, password, phone) values (92, 'mpulham2j@jimdo.com', 'Bentley', 'FEMALE', 97070206822, null, 'Pulham', 'Maggie', 813716343);
insert into USER_DATA (id, email, first_name, gender, identity_number, image, last_name, password, phone) values (93, 'jgreathead2k@yelp.com', 'Chauncey', 'MALE', 97070205767, null, 'Greathead', 'Jemimah', 793425545);
insert into USER_DATA (id, email, first_name, gender, identity_number, image, last_name, password, phone) values (94, 'vtampin2l@narod.ru', 'Frasier', 'FEMALE', 97070206354, null, 'Tampin', 'Van', 291748697);
insert into USER_DATA (id, email, first_name, gender, identity_number, image, last_name, password, phone) values (95, 'pmayou2m@geocities.jp', 'Danika', 'MALE', 97070206422, null, 'Mayou', 'Pate', 525232183);
insert into USER_DATA (id, email, first_name, gender, identity_number, image, last_name, password, phone) values (96, 'rprozillo2n@apple.com', 'Robena', 'MALE', 97070207092, null, 'Prozillo', 'Renie', 426686028);
insert into USER_DATA (id, email, first_name, gender, identity_number, image, last_name, password, phone) values (97, 'ebenedek2o@fastcompany.com', 'Alfy', 'FEMALE', 97070205922, null, 'Benedek', 'Enrique', 484309269);
insert into USER_DATA (id, email, first_name, gender, identity_number, image, last_name, password, phone) values (98, 'aswanger2p@ed.gov', 'Bettine', 'MALE', 97070205758, null, 'Swanger', 'Arlen', 629369460);
insert into USER_DATA (id, email, first_name, gender, identity_number, image, last_name, password, phone) values (99, 'lledger2q@nhs.uk', 'Deina', 'FEMALE', 97070206070, null, 'Ledger', 'Lethia', 361257307);
insert into USER_DATA (id, email, first_name, gender, identity_number, image, last_name, password, phone) values (100, 'ihumblestone2r@altervista.org', 'Ernesta', 'FEMALE', 97070207450, null, 'Humblestone', 'Ingamar', 316482009);

insert into ADDRESS (address_line, city, postal_code, voivodeship, user_data_id) values ('032 Merchant Plaza', 'Changsha', null, 'China', 1);
insert into ADDRESS (address_line, city, postal_code, voivodeship, user_data_id) values ('61476 Sachs Trail', 'San Francisco', '8501', 'Philippines', 2);
insert into ADDRESS (address_line, city, postal_code, voivodeship, user_data_id) values ('72 Cascade Trail', 'Kompaniyivka', null, 'Ukraine', 3);
insert into ADDRESS (address_line, city, postal_code, voivodeship, user_data_id) values ('5131 Marquette Parkway', 'Kropotkin', '361012', 'Russia', 4);
insert into ADDRESS (address_line, city, postal_code, voivodeship, user_data_id) values ('6 Comanche Way', 'Ivanovo', '352620', 'Russia', 5);
insert into ADDRESS (address_line, city, postal_code, voivodeship, user_data_id) values ('3451 7th Circle', 'Miragaia', '2530-407', 'Portugal', 6);
insert into ADDRESS (address_line, city, postal_code, voivodeship, user_data_id) values ('49 Dapin Point', 'Ostuncalco', '09009', 'Guatemala', 7);
insert into ADDRESS (address_line, city, postal_code, voivodeship, user_data_id) values ('70 Old Shore Drive', 'Phan Thong', '20160', 'Thailand', 8);
insert into ADDRESS (address_line, city, postal_code, voivodeship, user_data_id) values ('21 Swallow Way', 'Nahariya', null, 'Israel', 9);
insert into ADDRESS (address_line, city, postal_code, voivodeship, user_data_id) values ('321 Kinsman Trail', 'Shagang', null, 'China', 10);
insert into ADDRESS (address_line, city, postal_code, voivodeship, user_data_id) values ('10936 Darwin Way', 'Tres Arroyos', '6550', 'Argentina', 11);
insert into ADDRESS (address_line, city, postal_code, voivodeship, user_data_id) values ('3654 Service Street', 'Heyin', null, 'China', 12);
insert into ADDRESS (address_line, city, postal_code, voivodeship, user_data_id) values ('32 Moulton Hill', 'Boxholm', '590 14', 'Sweden', 13);
insert into ADDRESS (address_line, city, postal_code, voivodeship, user_data_id) values ('229 Eagle Crest Park', 'Agoncillo', '4211', 'Philippines', 14);
insert into ADDRESS (address_line, city, postal_code, voivodeship, user_data_id) values ('64563 New Castle Street', 'Lagoa Santa', '33400-000', 'Brazil', 15);
insert into ADDRESS (address_line, city, postal_code, voivodeship, user_data_id) values ('509 Dixon Park', 'Moyo', null, 'Uganda', 16);
insert into ADDRESS (address_line, city, postal_code, voivodeship, user_data_id) values ('11 Mccormick Hill', 'Biñan', '4116', 'Philippines', 17);
insert into ADDRESS (address_line, city, postal_code, voivodeship, user_data_id) values ('21 Dixon Parkway', 'Velingrad', '4645', 'Bulgaria', 18);
insert into ADDRESS (address_line, city, postal_code, voivodeship, user_data_id) values ('47620 Grim Center', 'Avellaneda', '5212', 'Argentina', 19);
insert into ADDRESS (address_line, city, postal_code, voivodeship, user_data_id) values ('4 Pleasure Street', 'Pocito', '6430', 'Argentina', 20);
insert into ADDRESS (address_line, city, postal_code, voivodeship, user_data_id) values ('92 Birchwood Road', 'Daduchuan', null, 'China', 21);
insert into ADDRESS (address_line, city, postal_code, voivodeship, user_data_id) values ('89 Carioca Junction', 'Huangjinbu', null, 'China', 22);
insert into ADDRESS (address_line, city, postal_code, voivodeship, user_data_id) values ('8 Brown Court', 'Balingoan', '6534', 'Philippines', 23);
insert into ADDRESS (address_line, city, postal_code, voivodeship, user_data_id) values ('55461 Katie Park', 'Campos', '4620-031', 'Portugal', 24);
insert into ADDRESS (address_line, city, postal_code, voivodeship, user_data_id) values ('0786 Delaware Trail', 'Calanogas', '9319', 'Philippines', 25);
insert into ADDRESS (address_line, city, postal_code, voivodeship, user_data_id) values ('0 Elmside Center', 'Obrera', '96370', 'Mexico', 26);
insert into ADDRESS (address_line, city, postal_code, voivodeship, user_data_id) values ('31815 Lunder Trail', 'Tuwa', null, 'Indonesia', 27);
insert into ADDRESS (address_line, city, postal_code, voivodeship, user_data_id) values ('2253 Hoard Drive', 'Cergy-Pontoise', '95611 CEDEX', 'France', 28);
insert into ADDRESS (address_line, city, postal_code, voivodeship, user_data_id) values ('179 Bonner Crossing', 'Xiagong', null, 'China', 29);
insert into ADDRESS (address_line, city, postal_code, voivodeship, user_data_id) values ('5567 Crest Line Alley', 'Blažovice', '664 08', 'Czech Republic', 30);
insert into ADDRESS (address_line, city, postal_code, voivodeship, user_data_id) values ('285 Drewry Crossing', 'Voznesenskaya', '352537', 'Russia', 31);
insert into ADDRESS (address_line, city, postal_code, voivodeship, user_data_id) values ('1 Daystar Hill', 'Vannes', '56977 CEDEX 9', 'France', 32);
insert into ADDRESS (address_line, city, postal_code, voivodeship, user_data_id) values ('5 Fisk Avenue', 'Kalapadua', null, 'Indonesia', 33);
insert into ADDRESS (address_line, city, postal_code, voivodeship, user_data_id) values ('003 Oriole Center', 'Fenghuangdong', null, 'China', 34);
insert into ADDRESS (address_line, city, postal_code, voivodeship, user_data_id) values ('542 Alpine Drive', 'Xiaohe', null, 'China', 35);
insert into ADDRESS (address_line, city, postal_code, voivodeship, user_data_id) values ('57 Eastwood Point', 'Ananindeua', '67000-000', 'Brazil', 36);
insert into ADDRESS (address_line, city, postal_code, voivodeship, user_data_id) values ('03 Havey Way', 'Bayuin', '4324', 'Philippines', 37);
insert into ADDRESS (address_line, city, postal_code, voivodeship, user_data_id) values ('23 Vahlen Avenue', 'Baitao', null, 'China', 38);
insert into ADDRESS (address_line, city, postal_code, voivodeship, user_data_id) values ('4223 John Wall Place', 'Zala', null, 'China', 39);
insert into ADDRESS (address_line, city, postal_code, voivodeship, user_data_id) values ('4 Knutson Trail', 'Sumberpucung', null, 'Indonesia', 40);
insert into ADDRESS (address_line, city, postal_code, voivodeship, user_data_id) values ('79 Farragut Place', 'Varybóbi', null, 'Greece', 41);
insert into ADDRESS (address_line, city, postal_code, voivodeship, user_data_id) values ('78317 Grasskamp Place', 'Arnaía', null, 'Greece', 42);
insert into ADDRESS (address_line, city, postal_code, voivodeship, user_data_id) values ('72306 Carpenter Road', 'Cangshan', null, 'China', 43);
insert into ADDRESS (address_line, city, postal_code, voivodeship, user_data_id) values ('8754 Graedel Circle', 'Paraíso de Chabasquén', null, 'Venezuela', 44);
insert into ADDRESS (address_line, city, postal_code, voivodeship, user_data_id) values ('96 Blackbird Circle', 'Barcarena', '68445-000', 'Brazil', 45);
insert into ADDRESS (address_line, city, postal_code, voivodeship, user_data_id) values ('0 8th Circle', 'Xujia', null, 'China', 46);
insert into ADDRESS (address_line, city, postal_code, voivodeship, user_data_id) values ('41 Porter Terrace', 'Nový Bydžov', '504 01', 'Czech Republic', 47);
insert into ADDRESS (address_line, city, postal_code, voivodeship, user_data_id) values ('994 Pond Place', 'Halteu', null, 'Indonesia', 48);
insert into ADDRESS (address_line, city, postal_code, voivodeship, user_data_id) values ('434 Elgar Center', 'Dingjia', null, 'China', 49);
insert into ADDRESS (address_line, city, postal_code, voivodeship, user_data_id) values ('6188 Butterfield Court', 'Kyzyldzhar', null, 'Uzbekistan', 50);
insert into ADDRESS (address_line, city, postal_code, voivodeship, user_data_id) values ('53 Fieldstone Circle', 'Yudai', null, 'China', 51);
insert into ADDRESS (address_line, city, postal_code, voivodeship, user_data_id) values ('65 Eagan Avenue', 'Québec', 'G6W', 'Canada', 52);
insert into ADDRESS (address_line, city, postal_code, voivodeship, user_data_id) values ('9847 Randy Trail', 'Khilok', '673201', 'Russia', 53);
insert into ADDRESS (address_line, city, postal_code, voivodeship, user_data_id) values ('873 5th Drive', 'Prince Albert', '6932', 'South Africa', 54);
insert into ADDRESS (address_line, city, postal_code, voivodeship, user_data_id) values ('1179 North Hill', 'Cabatang', '5508', 'Philippines', 55);
insert into ADDRESS (address_line, city, postal_code, voivodeship, user_data_id) values ('78311 Haas Alley', 'Melaka', '75552', 'Malaysia', 56);
insert into ADDRESS (address_line, city, postal_code, voivodeship, user_data_id) values ('773 Elka Junction', 'Bultfontein', '9670', 'South Africa', 57);
insert into ADDRESS (address_line, city, postal_code, voivodeship, user_data_id) values ('469 Hollow Ridge Road', 'Jiawu', null, 'China', 58);
insert into ADDRESS (address_line, city, postal_code, voivodeship, user_data_id) values ('54 Lunder Lane', 'Satinka', '399088', 'Russia', 59);
insert into ADDRESS (address_line, city, postal_code, voivodeship, user_data_id) values ('8210 Packers Parkway', 'Levallois-Perret', '92691 CEDEX', 'France', 60);
insert into ADDRESS (address_line, city, postal_code, voivodeship, user_data_id) values ('36921 Myrtle Crossing', 'Jinjing', null, 'China', 61);
insert into ADDRESS (address_line, city, postal_code, voivodeship, user_data_id) values ('76 Fulton Court', 'Sacramento', '94291', 'United States', 62);
insert into ADDRESS (address_line, city, postal_code, voivodeship, user_data_id) values ('6019 Bay Drive', 'Imielin', '41-407', 'Poland', 63);
insert into ADDRESS (address_line, city, postal_code, voivodeship, user_data_id) values ('826 Longview Trail', 'Rennebu', '7398', 'Norway', 64);
insert into ADDRESS (address_line, city, postal_code, voivodeship, user_data_id) values ('43542 Vidon Park', 'Shuanglongchang', null, 'China', 65);
insert into ADDRESS (address_line, city, postal_code, voivodeship, user_data_id) values ('8657 Main Plaza', 'Kristinehamn', '681 54', 'Sweden', 66);
insert into ADDRESS (address_line, city, postal_code, voivodeship, user_data_id) values ('524 Riverside Place', 'Nong Khaem', '10160', 'Thailand', 67);
insert into ADDRESS (address_line, city, postal_code, voivodeship, user_data_id) values ('54 Golf View Trail', 'Kněžpole', '793 51', 'Czech Republic', 68);
insert into ADDRESS (address_line, city, postal_code, voivodeship, user_data_id) values ('2058 5th Center', 'Milltown', 'D04', 'Ireland', 69);
insert into ADDRESS (address_line, city, postal_code, voivodeship, user_data_id) values ('69062 Knutson Court', 'Kauniainen', '02701', 'Finland', 70);
insert into ADDRESS (address_line, city, postal_code, voivodeship, user_data_id) values ('386 Nevada Drive', 'Chumphon Buri', '71180', 'Thailand', 71);
insert into ADDRESS (address_line, city, postal_code, voivodeship, user_data_id) values ('07 Paget Terrace', 'Atikokan', 'K1Y', 'Canada', 72);
insert into ADDRESS (address_line, city, postal_code, voivodeship, user_data_id) values ('4681 Beilfuss Plaza', 'Shenzhengqiao', null, 'China', 73);
insert into ADDRESS (address_line, city, postal_code, voivodeship, user_data_id) values ('91975 Golf View Park', 'Qiting', null, 'China', 74);
insert into ADDRESS (address_line, city, postal_code, voivodeship, user_data_id) values ('479 Harper Circle', 'Soavinandriana', null, 'Madagascar', 75);
insert into ADDRESS (address_line, city, postal_code, voivodeship, user_data_id) values ('346 Melrose Court', 'Koreiz', null, 'Ukraine', 76);
insert into ADDRESS (address_line, city, postal_code, voivodeship, user_data_id) values ('318 2nd Road', 'Guanzhou', null, 'China', 77);
insert into ADDRESS (address_line, city, postal_code, voivodeship, user_data_id) values ('50193 Twin Pines Terrace', 'Nabīnagar', '3410', 'Bangladesh', 78);
insert into ADDRESS (address_line, city, postal_code, voivodeship, user_data_id) values ('4 Hudson Avenue', 'Koło', '62-602', 'Poland', 79);
insert into ADDRESS (address_line, city, postal_code, voivodeship, user_data_id) values ('44 Wayridge Junction', 'Canmang', null, 'China', 80);
insert into ADDRESS (address_line, city, postal_code, voivodeship, user_data_id) values ('88 Loftsgordon Street', 'Chendong', null, 'China', 81);
insert into ADDRESS (address_line, city, postal_code, voivodeship, user_data_id) values ('27137 Hoard Pass', 'San Miguel', '8301', 'Philippines', 82);
insert into ADDRESS (address_line, city, postal_code, voivodeship, user_data_id) values ('81 Tennyson Hill', 'Atlanta', '31119', 'United States', 83);
insert into ADDRESS (address_line, city, postal_code, voivodeship, user_data_id) values ('283 Loeprich Avenue', 'Sulang Tengah', null, 'Indonesia', 84);
insert into ADDRESS (address_line, city, postal_code, voivodeship, user_data_id) values ('56635 Sunbrook Hill', 'Ballinroad', 'D07', 'Ireland', 85);
insert into ADDRESS (address_line, city, postal_code, voivodeship, user_data_id) values ('5 Aberg Pass', 'Prnjavor', null, 'Serbia', 86);
insert into ADDRESS (address_line, city, postal_code, voivodeship, user_data_id) values ('2 South Center', 'Corona', '92883', 'United States', 87);
insert into ADDRESS (address_line, city, postal_code, voivodeship, user_data_id) values ('44357 Columbus Drive', 'Dongshan', null, 'China', 88);
insert into ADDRESS (address_line, city, postal_code, voivodeship, user_data_id) values ('1582 Grim Lane', 'Paraiso', '1104', 'Philippines', 89);
insert into ADDRESS (address_line, city, postal_code, voivodeship, user_data_id) values ('580 Summer Ridge Crossing', 'Xiaoduchuan', null, 'China', 90);
insert into ADDRESS (address_line, city, postal_code, voivodeship, user_data_id) values ('896 Ilene Hill', 'Pompano Beach', '33064', 'United States', 91);
insert into ADDRESS (address_line, city, postal_code, voivodeship, user_data_id) values ('93217 Hooker Hill', 'Mokronog', '8230', 'Slovenia', 92);
insert into ADDRESS (address_line, city, postal_code, voivodeship, user_data_id) values ('61 Lyons Terrace', 'Zhongshan', null, 'China', 93);
insert into ADDRESS (address_line, city, postal_code, voivodeship, user_data_id) values ('5313 Eastlawn Alley', 'Kario', '50251', 'Pakistan', 94);
insert into ADDRESS (address_line, city, postal_code, voivodeship, user_data_id) values ('973 Packers Park', 'Halmstad', '302 40', 'Sweden', 95);
insert into ADDRESS (address_line, city, postal_code, voivodeship, user_data_id) values ('319 Lawn Circle', 'Jiyukou', null, 'China', 96);
insert into ADDRESS (address_line, city, postal_code, voivodeship, user_data_id) values ('19944 Oriole Lane', 'Armação de Búzios', '89790-000', 'Brazil', 97);
insert into ADDRESS (address_line, city, postal_code, voivodeship, user_data_id) values ('75472 Prentice Lane', 'Yamagata-shi', '990-2412', 'Japan', 98);
insert into ADDRESS (address_line, city, postal_code, voivodeship, user_data_id) values ('31618 Hanover Trail', 'Langqi', null, 'China', 99);
insert into ADDRESS (address_line, city, postal_code, voivodeship, user_data_id) values ('190 Mariners Cove Park', 'Auch', '32004 CEDEX', 'France', 100);

insert into CUSTOMER (id, card_id, card_state, main_discipline, family_id, user_data_id) values (1, null, null, null, null, 1);
insert into CUSTOMER (id, card_id, card_state, main_discipline, family_id, user_data_id) values (2, null, null, null, null, 2);
insert into CUSTOMER (id, card_id, card_state, main_discipline, family_id, user_data_id) values (3, null, null, null, null, 3);
insert into CUSTOMER (id, card_id, card_state, main_discipline, family_id, user_data_id) values (4, null, null, null, null, 4);
insert into CUSTOMER (id, card_id, card_state, main_discipline, family_id, user_data_id) values (5, null, null, null, null, 5);
insert into CUSTOMER (id, card_id, card_state, main_discipline, family_id, user_data_id) values (6, null, null, null, null, 6);
insert into CUSTOMER (id, card_id, card_state, main_discipline, family_id, user_data_id) values (7, null, null, null, null, 7);
insert into CUSTOMER (id, card_id, card_state, main_discipline, family_id, user_data_id) values (8, null, null, null, null, 8);
insert into CUSTOMER (id, card_id, card_state, main_discipline, family_id, user_data_id) values (9, null, null, null, null, 9);
insert into CUSTOMER (id, card_id, card_state, main_discipline, family_id, user_data_id) values (10, null, null, null, null, 10);
insert into CUSTOMER (id, card_id, card_state, main_discipline, family_id, user_data_id) values (11, null, null, null, null, 11);
insert into CUSTOMER (id, card_id, card_state, main_discipline, family_id, user_data_id) values (12, null, null, null, null, 12);
insert into CUSTOMER (id, card_id, card_state, main_discipline, family_id, user_data_id) values (13, null, null, null, null, 13);
insert into CUSTOMER (id, card_id, card_state, main_discipline, family_id, user_data_id) values (14, null, null, null, null, 14);
insert into CUSTOMER (id, card_id, card_state, main_discipline, family_id, user_data_id) values (15, null, null, null, null, 15);
insert into CUSTOMER (id, card_id, card_state, main_discipline, family_id, user_data_id) values (16, null, null, null, null, 16);
insert into CUSTOMER (id, card_id, card_state, main_discipline, family_id, user_data_id) values (17, null, null, null, null, 17);
insert into CUSTOMER (id, card_id, card_state, main_discipline, family_id, user_data_id) values (18, null, null, null, null, 18);
insert into CUSTOMER (id, card_id, card_state, main_discipline, family_id, user_data_id) values (19, null, null, null, null, 19);
insert into CUSTOMER (id, card_id, card_state, main_discipline, family_id, user_data_id) values (20, null, null, null, null, 20);
insert into CUSTOMER (id, card_id, card_state, main_discipline, family_id, user_data_id) values (21, null, null, null, null, 21);
insert into CUSTOMER (id, card_id, card_state, main_discipline, family_id, user_data_id) values (22, null, null, null, null, 22);
insert into CUSTOMER (id, card_id, card_state, main_discipline, family_id, user_data_id) values (23, null, null, null, null, 23);
insert into CUSTOMER (id, card_id, card_state, main_discipline, family_id, user_data_id) values (24, null, null, null, null, 24);
insert into CUSTOMER (id, card_id, card_state, main_discipline, family_id, user_data_id) values (25, null, null, null, null, 25);
insert into CUSTOMER (id, card_id, card_state, main_discipline, family_id, user_data_id) values (26, null, null, null, null, 26);
insert into CUSTOMER (id, card_id, card_state, main_discipline, family_id, user_data_id) values (27, null, null, null, null, 27);
insert into CUSTOMER (id, card_id, card_state, main_discipline, family_id, user_data_id) values (28, null, null, null, null, 28);
insert into CUSTOMER (id, card_id, card_state, main_discipline, family_id, user_data_id) values (29, null, null, null, null, 29);
insert into CUSTOMER (id, card_id, card_state, main_discipline, family_id, user_data_id) values (30, null, null, null, null, 30);
insert into CUSTOMER (id, card_id, card_state, main_discipline, family_id, user_data_id) values (31, null, null, null, null, 31);
insert into CUSTOMER (id, card_id, card_state, main_discipline, family_id, user_data_id) values (32, null, null, null, null, 32);
insert into CUSTOMER (id, card_id, card_state, main_discipline, family_id, user_data_id) values (33, null, null, null, null, 33);
insert into CUSTOMER (id, card_id, card_state, main_discipline, family_id, user_data_id) values (34, null, null, null, null, 34);
insert into CUSTOMER (id, card_id, card_state, main_discipline, family_id, user_data_id) values (35, null, null, null, null, 35);
insert into CUSTOMER (id, card_id, card_state, main_discipline, family_id, user_data_id) values (36, null, null, null, null, 36);
insert into CUSTOMER (id, card_id, card_state, main_discipline, family_id, user_data_id) values (37, null, null, null, null, 37);
insert into CUSTOMER (id, card_id, card_state, main_discipline, family_id, user_data_id) values (38, null, null, null, null, 38);
insert into CUSTOMER (id, card_id, card_state, main_discipline, family_id, user_data_id) values (39, null, null, null, null, 39);
insert into CUSTOMER (id, card_id, card_state, main_discipline, family_id, user_data_id) values (40, null, null, null, null, 40);
insert into CUSTOMER (id, card_id, card_state, main_discipline, family_id, user_data_id) values (41, null, null, null, null, 41);
insert into CUSTOMER (id, card_id, card_state, main_discipline, family_id, user_data_id) values (42, null, null, null, null, 42);
insert into CUSTOMER (id, card_id, card_state, main_discipline, family_id, user_data_id) values (43, null, null, null, null, 43);
insert into CUSTOMER (id, card_id, card_state, main_discipline, family_id, user_data_id) values (44, null, null, null, null, 44);
insert into CUSTOMER (id, card_id, card_state, main_discipline, family_id, user_data_id) values (45, null, null, null, null, 45);
insert into CUSTOMER (id, card_id, card_state, main_discipline, family_id, user_data_id) values (46, null, null, null, null, 46);
insert into CUSTOMER (id, card_id, card_state, main_discipline, family_id, user_data_id) values (47, null, null, null, null, 47);
insert into CUSTOMER (id, card_id, card_state, main_discipline, family_id, user_data_id) values (48, null, null, null, null, 48);
insert into CUSTOMER (id, card_id, card_state, main_discipline, family_id, user_data_id) values (49, null, null, null, null, 49);
insert into CUSTOMER (id, card_id, card_state, main_discipline, family_id, user_data_id) values (50, null, null, null, null, 50);
insert into CUSTOMER (id, card_id, card_state, main_discipline, family_id, user_data_id) values (51, null, null, null, null, 51);
insert into CUSTOMER (id, card_id, card_state, main_discipline, family_id, user_data_id) values (52, null, null, null, null, 52);
insert into CUSTOMER (id, card_id, card_state, main_discipline, family_id, user_data_id) values (53, null, null, null, null, 53);
insert into CUSTOMER (id, card_id, card_state, main_discipline, family_id, user_data_id) values (54, null, null, null, null, 54);
insert into CUSTOMER (id, card_id, card_state, main_discipline, family_id, user_data_id) values (55, null, null, null, null, 55);
insert into CUSTOMER (id, card_id, card_state, main_discipline, family_id, user_data_id) values (56, null, null, null, null, 56);
insert into CUSTOMER (id, card_id, card_state, main_discipline, family_id, user_data_id) values (57, null, null, null, null, 57);
insert into CUSTOMER (id, card_id, card_state, main_discipline, family_id, user_data_id) values (58, null, null, null, null, 58);
insert into CUSTOMER (id, card_id, card_state, main_discipline, family_id, user_data_id) values (59, null, null, null, null, 59);
insert into CUSTOMER (id, card_id, card_state, main_discipline, family_id, user_data_id) values (60, null, null, null, null, 60);
insert into CUSTOMER (id, card_id, card_state, main_discipline, family_id, user_data_id) values (61, null, null, null, null, 61);
insert into CUSTOMER (id, card_id, card_state, main_discipline, family_id, user_data_id) values (62, null, null, null, null, 62);
insert into CUSTOMER (id, card_id, card_state, main_discipline, family_id, user_data_id) values (63, null, null, null, null, 63);
insert into CUSTOMER (id, card_id, card_state, main_discipline, family_id, user_data_id) values (64, null, null, null, null, 64);
insert into CUSTOMER (id, card_id, card_state, main_discipline, family_id, user_data_id) values (65, null, null, null, null, 65);
insert into CUSTOMER (id, card_id, card_state, main_discipline, family_id, user_data_id) values (66, null, null, null, null, 66);
insert into CUSTOMER (id, card_id, card_state, main_discipline, family_id, user_data_id) values (67, null, null, null, null, 67);
insert into CUSTOMER (id, card_id, card_state, main_discipline, family_id, user_data_id) values (68, null, null, null, null, 68);
insert into CUSTOMER (id, card_id, card_state, main_discipline, family_id, user_data_id) values (69, null, null, null, null, 69);
insert into CUSTOMER (id, card_id, card_state, main_discipline, family_id, user_data_id) values (70, null, null, null, null, 70);
insert into CUSTOMER (id, card_id, card_state, main_discipline, family_id, user_data_id) values (71, null, null, null, null, 71);
insert into CUSTOMER (id, card_id, card_state, main_discipline, family_id, user_data_id) values (72, null, null, null, null, 72);
insert into CUSTOMER (id, card_id, card_state, main_discipline, family_id, user_data_id) values (73, null, null, null, null, 73);
insert into CUSTOMER (id, card_id, card_state, main_discipline, family_id, user_data_id) values (74, null, null, null, null, 74);
insert into CUSTOMER (id, card_id, card_state, main_discipline, family_id, user_data_id) values (75, null, null, null, null, 75);
insert into CUSTOMER (id, card_id, card_state, main_discipline, family_id, user_data_id) values (76, null, null, null, null, 76);
insert into CUSTOMER (id, card_id, card_state, main_discipline, family_id, user_data_id) values (77, null, null, null, null, 77);
insert into CUSTOMER (id, card_id, card_state, main_discipline, family_id, user_data_id) values (78, null, null, null, null, 78);
insert into CUSTOMER (id, card_id, card_state, main_discipline, family_id, user_data_id) values (79, null, null, null, null, 79);
insert into CUSTOMER (id, card_id, card_state, main_discipline, family_id, user_data_id) values (80, null, null, null, null, 80);
insert into CUSTOMER (id, card_id, card_state, main_discipline, family_id, user_data_id) values (81, null, null, null, null, 81);
insert into CUSTOMER (id, card_id, card_state, main_discipline, family_id, user_data_id) values (82, null, null, null, null, 82);
insert into CUSTOMER (id, card_id, card_state, main_discipline, family_id, user_data_id) values (83, null, null, null, null, 83);
insert into CUSTOMER (id, card_id, card_state, main_discipline, family_id, user_data_id) values (84, null, null, null, null, 84);
insert into CUSTOMER (id, card_id, card_state, main_discipline, family_id, user_data_id) values (85, null, null, null, null, 85);
insert into CUSTOMER (id, card_id, card_state, main_discipline, family_id, user_data_id) values (86, null, null, null, null, 86);
insert into CUSTOMER (id, card_id, card_state, main_discipline, family_id, user_data_id) values (87, null, null, null, null, 87);
insert into CUSTOMER (id, card_id, card_state, main_discipline, family_id, user_data_id) values (88, null, null, null, null, 88);
insert into CUSTOMER (id, card_id, card_state, main_discipline, family_id, user_data_id) values (89, null, null, null, null, 89);
insert into CUSTOMER (id, card_id, card_state, main_discipline, family_id, user_data_id) values (90, null, null, null, null, 90);
insert into CUSTOMER (id, card_id, card_state, main_discipline, family_id, user_data_id) values (91, null, null, null, null, 91);
insert into CUSTOMER (id, card_id, card_state, main_discipline, family_id, user_data_id) values (92, null, null, null, null, 92);
insert into CUSTOMER (id, card_id, card_state, main_discipline, family_id, user_data_id) values (93, null, null, null, null, 93);
insert into CUSTOMER (id, card_id, card_state, main_discipline, family_id, user_data_id) values (94, null, null, null, null, 94);
insert into CUSTOMER (id, card_id, card_state, main_discipline, family_id, user_data_id) values (95, null, null, null, null, 95);
insert into CUSTOMER (id, card_id, card_state, main_discipline, family_id, user_data_id) values (96, null, null, null, null, 96);
insert into CUSTOMER (id, card_id, card_state, main_discipline, family_id, user_data_id) values (97, null, null, null, null, 97);
insert into CUSTOMER (id, card_id, card_state, main_discipline, family_id, user_data_id) values (98, null, null, null, null, 98);
insert into CUSTOMER (id, card_id, card_state, main_discipline, family_id, user_data_id) values (99, null, null, null, null, 99);
insert into CUSTOMER (id, card_id, card_state, main_discipline, family_id, user_data_id) values (100, null, null, null, null, 100);

insert into package_type (id, entrance_limit, for_family, name, payment_mandatory, price, validity_days, with_partner_system) values (1, 2, false, 'KARNET1', false, 20, 84, true);
insert into package_type (id, entrance_limit, for_family, name, payment_mandatory, price, validity_days, with_partner_system) values (2, 4, false, 'KARNET2', false, 11, 55, false);
insert into package_type (id, entrance_limit, for_family, name, payment_mandatory, price, validity_days, with_partner_system) values (3, 2, false, 'KARNET3', false, 13, 28, true);
insert into package_type (id, entrance_limit, for_family, name, payment_mandatory, price, validity_days, with_partner_system) values (4, 4, false, 'KARNET4', true, 7, 22, true);
insert into package_type (id, entrance_limit, for_family, name, payment_mandatory, price, validity_days, with_partner_system) values (5, 2, true, 'KARNET5', false, 6, 34, false);
insert into package_type (id, entrance_limit, for_family, name, payment_mandatory, price, validity_days, with_partner_system) values (6, 4, false, 'KARNET6', false, 20, 13, false);
insert into package_type (id, entrance_limit, for_family, name, payment_mandatory, price, validity_days, with_partner_system) values (7, 4, false, 'KARNET7', true, 11, 57, false);
insert into package_type (id, entrance_limit, for_family, name, payment_mandatory, price, validity_days, with_partner_system) values (8, 4, true, 'KARNET8', true, 20, 54, true);
insert into package_type (id, entrance_limit, for_family, name, payment_mandatory, price, validity_days, with_partner_system) values (9, 2, true, 'KARNET9', false, 6, 54, true);
insert into package_type (id, entrance_limit, for_family, name, payment_mandatory, price, validity_days, with_partner_system) values (10, 6, true, 'KARNET10', false, 15, 16, false);
insert into package_type (id, entrance_limit, for_family, name, payment_mandatory, price, validity_days, with_partner_system) values (11, 2, true, 'KARNET11', false, 5, 76, true);
insert into package_type (id, entrance_limit, for_family, name, payment_mandatory, price, validity_days, with_partner_system) values (12, 4, true, 'KARNET12', true, 14, 78, true);
insert into package_type (id, entrance_limit, for_family, name, payment_mandatory, price, validity_days, with_partner_system) values (13, 4, true, 'KARNET13', true, 6, 5, true);
insert into package_type (id, entrance_limit, for_family, name, payment_mandatory, price, validity_days, with_partner_system) values (14, 2, false, 'KARNET14', false, 18, 45, true);
insert into package_type (id, entrance_limit, for_family, name, payment_mandatory, price, validity_days, with_partner_system) values (15, 4, true, 'KARNET15', false, 12, 30, false);
insert into package_type (id, entrance_limit, for_family, name, payment_mandatory, price, validity_days, with_partner_system) values (16, 6, true, 'KARNET16', true, 10, 93, true);
insert into package_type (id, entrance_limit, for_family, name, payment_mandatory, price, validity_days, with_partner_system) values (17, 2, true, 'KARNET17', false, 2, 65, true);
insert into package_type (id, entrance_limit, for_family, name, payment_mandatory, price, validity_days, with_partner_system) values (18, 6, false, 'KARNET18', false, 14, 28, true);
insert into package_type (id, entrance_limit, for_family, name, payment_mandatory, price, validity_days, with_partner_system) values (19, 4, true, 'KARNET19', false, 4, 34, false);
insert into package_type (id, entrance_limit, for_family, name, payment_mandatory, price, validity_days, with_partner_system) values (20, 1, false, 'Jednorazowka', true, 11, 99, false);

insert into package(id, end_date_time, paid, purchase_date_time, customer_id, package_type_id) values (1, '2021-06-02 22:23:56', true, '2021-07-02 22:23:56', 1, 1);
insert into package(id, end_date_time, paid, purchase_date_time, customer_id, package_type_id) values (2, '2021-05-02 22:23:56', true, '2021-06-01 22:23:56', 2, 2);
insert into package(id, end_date_time, paid, purchase_date_time, customer_id, package_type_id) values (3, null, true, '2021-06-01 22:23:56', 3, 3);
insert into package(id, end_date_time, paid, purchase_date_time, customer_id, package_type_id) values (4, '2099-05-02 22:23:56', true, '2021-06-01 22:23:56', 4, 20);
--freeze
insert into package(id, end_date_time, paid, purchase_date_time, customer_id, package_type_id) values (5, '2021-07-02 22:23:56', true, '2021-05-01 22:23:56', 5, 5);
insert into package_freeze(id, end_date_time, start_date_time, package_id) values (1, '2021-06-10 22:23:56', '2021-06-01 22:23:56', 5);

insert into employee(id, user_data_id) values (1, 10);
insert into training_name(id, name) values (1, 'Testowy trening');
insert into training_name(id, name) values (2, 'Super trening');
insert into training_schedule(id, end_date_time, start_date_time, weekday, employee_id, training_name_id) values (1, '2021-07-01 22:23:56', '2021-05-02 22:23:56', 4, 1, 1);
insert into training_schedule(id, end_date_time, start_date_time, weekday, employee_id, training_name_id) values (2, '2021-07-01 22:23:56', '2021-05-02 22:23:56', 3, 1, 2);

insert into entrance(id, date_time, customer_id, packg_id, training_id) values (1, '2021-06-02 16:00:00', 1, 1, 1);
insert into entrance(id, date_time, customer_id, packg_id, training_id) values (2, '2021-06-02 16:00:00', 2, 3, 2);
insert into entrance(id, date_time, customer_id, packg_id, training_id) values (3, '2021-06-02 16:00:00', 3, 1, 2);